E_keV,M
0.0010061404353854434,457601.1482796531
0.0010184967160497753,447110.7694103452
0.0010310047426001548,436860.8793337242
0.0010436663786081986,426845.9649186757
0.0010564835105318048,417060.63942116295
0.0010694580479962185,407499.6658813914
0.0010825919240785445,398157.8485093719
0.0010958870955957586,389030.1895130979
0.0011093455433962521,380111.7793779912
0.0011229692726549604,371397.8211386941
0.0011367603131721125,362883.627798525
0.0011507207196756516,354564.6198088412
0.0011648525721273699,346436.3226056831
0.0011791579760328007,338494.3642031612
0.0011936390627549196,330734.47284171596
0.001208297989831695,323152.47469049145
0.00122313694129754,315744.2916024622
0.0012381581280087124,308505.93892089237
0.00125336378797271,301433.5233359159
0.0012687561866817118,294523.24079059873
0.0012843376174501127,287771.39300457196
0.0013001104017562057,281174.3107704562
0.0013160768895880593,274728.4647050998
0.0013322394597936403,268430.38776577625
0.0013486005204352415,262276.6923906507
0.001365162509148257,256264.06867662995
0.0013819278935043658,250389.2825991587
0.0013988991713791764,244649.17427269198
0.0014160788713243843,239040.6562510432
0.001433469552944502,233560.71186681563
0.0014510738072782137,228206.3936085383
0.0014688942571844158,222974.82153589636
0.001486933557732995,217863.19578857545
0.0015051943966004084,212868.7385166827
0.0015236794944701202,207988.77772716884
0.0015423916054379575,203220.6886232999
0.001561333517422441,198561.906580568
0.0015805080525801598,194009.9257681155
0.0015999180677262422,189562.29780018248
0.0016195664547599947,185216.63041963155
0.0016394561410957651,180970.58621110715
0.0016595900900990984,176821.88134360698
0.0016799713015282491,172768.29549082802
0.0017006028119811159,168807.62578136203
0.001721487695347662,164937.7532891607
0.0017426290632678977,161156.59651574196
0.001764030065595482,157462.12168011634
0.0017856938908670183,153852.34162512756
0.0018076237667771179,150325.314748548
0.0018298229606592907,146879.1439588423
0.0018522947799727483,143511.97565474862
0.0018750425727951812,140221.99872809867
0.0018980697283215893,137007.4524308197
0.0019213796773692384,133866.58985667638
0.0019449758928888178,130797.73066951866
0.001968861890481875,127799.22421324502
0.001993041228924606,124869.45767286257
0.002017517510698078,122006.85520649274
0.0020422943825249614,119209.87709783412
0.002067375535912858,116477.01892833157
0.002092764707704296,113806.81076757806
0.0021184656806334844,111197.82355840964
0.0021444822838899025,108648.63947797682
0.0021708183936888104,106157.894732906
0.002197477933848766,103724.24961893662
0.002224464876376237,101346.3951441826
0.00225178324205739,99023.05232482115
0.0022794371010571445,96752.97774089676
0.0023074305735255917,94534.93774721335
0.0023357678302118514,92367.74570972458
0.0023644530930854776,90250.23595417714
0.0023934906359654833,88181.26952906097
0.002422884785157102,86159.73359296485
0.002452639920096363,84184.54081602191
0.0024827604740025842,82254.6287950673
0.002513250934538875,80368.96466834775
0.0025441158444807566,78526.52369377932
0.002575359802392989,76726.32017947432
0.0026069874633147137,74967.3858441895
0.002639003539453003,73248.77460418966
0.0026714128008849375,71569.56206442948
0.0027042200762682975,69928.84953377377
0.002737430253560985,68325.74538595713
0.0027710482807492822,66759.39197236195
0.0028050791665850507,65228.946793209114
0.002839527981331988,63733.58666274157
0.0028743998575210426,62272.507266547706
0.002909699990715113,60844.92665512226
0.0029454336402831354,59450.06902607789
0.002981606130183674,58087.18814091746
0.0030182228497581433,56755.55094211449
0.0030552892545337596,55454.44117729949
0.003092810867036367,54183.15901393185
0.003130793277613234,52941.0240791792
0.0031692421452659617,51727.36134885226
0.00320816319849362,50541.52152216863
0.0032475622361462344,49382.866767130174
0.003287445128288757,48250.77387387296
0.003327817817075652,47144.63696157997
0.0033686863176362117,46063.854912521245
0.003410056718970756,45007.849515970025
0.003451935184857829,43976.052774326396
0.003494327954772544,42967.909711139444
0.0035372413448162016,41982.88078176926
0.003580681748657326,41020.43068308988
0.003624655638484258,40080.044511020365
0.0036691695659694487,39161.21645636275
0.0037142301632455896,38263.45230544426
0.0037598441438937372,37386.271586792376
0.003806018303943571,36529.19760611629
0.0038527595228859306,35691.77183464587
0.0039000747646977946,34873.543842787476
0.003947971078879844,34074.07572569408
0.003996455601506764,33292.93302098811
0.004045535556290454,32529.697822569105
0.004095218255656284,31783.959605933906
0.004145511101832575,31055.31926164954
0.0041964215879534555,30343.380817917223
0.00424795729917527,29647.763392301633
0.004300125913806685,28968.09283008373
0.004352935204452685,28304.005380308157
0.004406393039172611,27655.140151624684
0.004460507382652424,27021.15000531152
0.004515286297391364,26401.69393425842
0.004570737944903181,25796.44041345278
0.004626870586932124,25205.060524147164
0.004683692586683854,24627.237881825407
0.0047412124100714775,24062.66169034216
0.004799438626976888,23511.029795618557
0.004858379912527593,22972.042418953428
0.004918045048389216,22445.411205391738
0.004978442924073882,21930.854308483616
0.005039582538264667,21428.092097459805
0.005101473000156311,20936.855597575828
0.005164123530812397,20359.68478541271
0.005227543464539198,19814.283418401035
0.005291742250276396,19389.249795866646
0.005356729453004881,18969.905558918173
0.005422514755171836,18556.515564906214
0.005489107958133326,18149.309943508266
0.005556518983614606,17748.48235155881
0.005624757875188355,17354.195238273227
0.005693834799771069,16966.577747706062
0.005763760049137834,16585.735286495314
0.005834544041455694,16211.748394533097
0.005906197322835857,15844.671793626527
0.00597873056890496,101.67033068265312
0.0060521545863956305,16.754083172517404
0.006126480314756584,16.24990061569236
0.00620171882778249,15.793011596200174
0.006277881335263861,15.55587920025375
0.006354979184657196,15.365652725205923
0.006433023862775644,15.234490856409138
0.006512026997500421,15.178029770472257
0.006592000359513248,15.216199833667778
0.006672955864050067,15.374186082108839
0.0067549055726762956,15.67763008540649
0.006837861695083874,16.168597022943956
0.006921836590910394,16.904407268995058
0.007006842771580557,17.937208383144476
0.0070928929021702595,19.33779032600324
0.007179999803293551,21.1906560881968
0.007268176453012789,23.59566146944695
0.007357435988772239,26.669628398580926
0.00744779170935542,30.547555286130848
0.007539257076866495,35.38376401125908
0.007631845718735984,13.869588131335538
0.007725571429751122,10.738069299480275
0.00782044817411115,10.813298360957663
0.007916490087507822,9.678708884789433
0.00801371147923151,9.407154090290298
0.008112126834303122,8.854844142928311
0.008211750815632239,8.45010723818651
0.008312598266201742,8.27371720607594
0.00841468421127926,8.099550560322285
0.0085180238606558,7.928136207530722
0.008622632610911842,7.759390080198435
0.008728526047711281,7.5938078353109875
0.008835719948123539,7.431815034351172
0.008944230282974188,7.27306334568183
0.009054073219224445,7.117538921336092
0.009165265122379885,6.965209846264302
0.009277822558928745,6.816032865833191
0.009391762298810164,6.669957472329373
0.009507101317912737,6.526928573266864
0.009623856800603748,6.386888182370232
0.00974204614228948,6.249776638919311
0.009861686952006947,6.11553353690213
0.009982797055047482,5.984098358638487
0.010105394495612508,5.855410917768899
0.010229497539501954,5.7294114686287605
0.010355124676835678,5.5201172907151355
0.010482294624808316,5.318098302161953
0.010611026330477944,5.200861614707398
0.010741338973589018,5.086068443390239
0.010873251969429952,4.973666694610788
0.011006784971725806,4.863605607026993
0.011141957875566506,4.7558357098079
0.011278790820371,4.037961789682369
0.011417304192887837,3.490179684961782
0.011557518630232595,3.4157657947495768
0.011699455022962595,3.34316133657128
0.011843134518189396,3.272305016744796
0.011988578522729505,3.203138832154026
0.012135808706293775,3.1356070843994575
0.012284847004715967,3.069656948511944
0.012435715623220996,3.0052383730274452
0.012588437039733264,2.9423035081699216
0.01274303400822567,2.880807166932237
0.012899529562109702,2.8190240894630505
0.013057947017667201,2.758749646781353
0.013218309977524255,2.7015492074168765
0.01338064233416775,2.645611885870557
0.013544968273505117,4.2721082260652285e-109
0.01371131227846779,2.1327337761939836e-214
0.013879699132658924,1.5542917311885183e-207
0.014050153924045891,6.923246136279543e-201
0.014222702048698164,1.912916099266841e-194
0.014397369214571049,3.3260847136611313e-188
0.014574181445335933,3.513965534235383e-182
0.014753165084257558,2.399848451711015e-176
0.014934346798118881,1.1274855091577378e-170
0.01511775358119418,3.5167062240873276e-165
0.015303412759270933,7.373041451944565e-160
0.015491351993721076,1.96505063412438e-158
0.01568159928562228,4.049719273845388e-160
0.015874182979929832,1.3626590400472992e-160
0.016069131769699752,4.416152287275934e-160
0.016266474700363784,1.1198222571721048e-158
0.01646624117405685,1.7746932563910085e-156
0.01666846095399769,1.373637070793445e-153
0.016873164168923302,3.965279871750216e-150
0.017080381317577803,3.181568773061169e-146
0.01729014327325644,5.1544519435986615e-142
0.017502481288405414,1.1923503392410036e-137
0.017717426999278182,2.7069913866135483e-133
0.017935012430648933,6.10132862687963e-138
0.01815527000058397,1.6904962035342357e-142
0.018378232525271695,4.4899445201550216e-138
0.018603933223911864,8.882733648625526e-134
0.018832405723664923,1.3191417625847046e-129
0.019063684064662155,1.481693860806046e-125
0.019297802705077284,1.2681011285116045e-121
0.0195347965262604,8.329312547611286e-118
0.019774700837934967,4.2284636384001025e-114
0.02001755138345859,1.6705526815897064e-110
0.020263384345148426,5.170794812906857e-107
0.020512236349671992,1.2621764585712687e-103
0.020764144473504196,2.445270852247077e-100
0.021019146248451318,3.7834639704702546e-97
0.02127727966724291,4.703858465876894e-94
0.021538583189192335,4.5936078236904744e-91
0.021803095745926794,3.6455233798867277e-88
0.022070856747187787,2.4332234161128512e-85
0.02234190608670275,1.3352711702354968e-82
0.02261628414812883,6.057068355481282e-80
0.022894031811069644,2.283195056201125e-77
0.023175190457165953,7.18847729428612e-75
0.02345980197626109,1.8998291599054647e-72
0.023747908772642143,4.235374411026875e-70
0.02403955377135776,8.002606500006745e-68
0.024334780424613584,1.2874918833476242e-65
0.024633632718246163,3.2863537215550763e-79
0.024936155178276426,1.4874140888742717e-92
0.02524239287754361,6.242790744787987e-90
0.025552391442420663,2.1328825028746408e-87
0.025866197059612142,6.031962104937889e-85
0.02618385648303552,1.4322126039145448e-82
0.02650541704078712,2.889528984216563e-80
0.02683092664219348,5.004214996139249e-78
0.027160433784949395,7.503834083700493e-76
0.02749398756234358,9.814235777052815e-74
0.027831637670573083,1.1266118232742128e-71
0.028173434416147527,1.1412095505530022e-69
0.028519428723384282,1.0247926027945615e-67
0.02886967214199567,8.190815878521018e-66
0.029224216854769378,5.847411094335083e-64
0.029583115685343164,3.7401979322301026e-62
0.029946422106075052,1.251326320073896e-60
0.030314190246010175,4.205830581788412e-59
0.030686474898945493,2.4191633542206337e-57
0.031063331531593498,1.2331283039853597e-55
0.0314448162918462,5.588361887043497e-54
0.03183098601714063,2.258635565783544e-52
0.03222189824292703,8.165883290256787e-51
0.03261761121124107,2.648687816676867e-49
0.03301818387938134,7.729912964816623e-48
0.033423675928693386,2.0354251628651798e-46
0.033834147773461665,4.849207394329146e-45
0.03424966056991062,1.048046769687838e-43
0.034670276225316425,2.0604617284549037e-42
0.03509605740723048,3.6947419171877936e-41
0.03552706755281629,6.058195151075283e-40
0.03596337087830098,9.106455285406487e-39
0.036405032388542855,1.2580328577874074e-37
0.03685211788671649,1.601189364864827e-36
0.03730469398411672,1.8821516282036565e-35
0.03776282811008313,2.0481491840960684e-34
0.03822658852204626,2.0679275028260904e-33
0.03869604431569736,1.9418280785063984e-32
0.039171265435282945,1.699816969061171e-31
0.03965232268402574,1.3900077927235899e-30
0.04013928773467376,1.0641039754700668e-29
0.04063223314017872,7.642006285734897e-29
0.04113123234450578,5.159036261170902e-28
0.04163635969357596,3.2803887997559715e-27
0.04214769044634291,1.968389949679647e-26
0.04266530078600578,1.1166957865175824e-25
0.043189267831359714,6.000407979617601e-25
0.04371966964828585,3.0592037337499293e-24
0.044256585261382306,1.4823546640989477e-23
0.04480009466573806,6.837874408659414e-23
0.04535027883885147,3.0074563068564954e-22
0.04590721975269507,1.263121590642716e-21
0.04647100038592861,5.073306221787899e-21
0.04704170473626202,1.9513859216997152e-20
0.047619417832970246,7.197484597418233e-20
0.0482042257495618,2.5489001897911545e-19
0.0487962156166028,8.677146042946419e-19
0.04939547563469862,2.8428447157327818e-18
0.050002095087634826,8.973095447446278e-18
0.05061616435567965,2.7312042232092673e-17
0.051237774929049705,8.023424681668613e-17
0.051867019421541136,2.2765295756858507e-16
0.05250399158432814,6.242168062432198e-16
0.05314878631993098,1.6545751512613912e-15
0.05380149969635552,4.239559652449485e-15
0.05446222896140636,1.0495578555138957e-14
0.05513107255717581,2.504841777742324e-14
0.05580813013471084,5.749836756672053e-14
0.05649350256886006,1.2628736145521682e-13
0.05718729197330298,2.617622310524897e-13
0.05788960171576406,4.956342982899534e-13
0.05860053643341344,7.700878549556037e-13
0.059320202048456824,4.652796893927029e-13
0.060048705783916786,1.479925840588709e-11
0.060786156179608045,2.805519900025123e-10
0.06153266310830875,9.088147813137673e-11
0.0622883377921304,1.1035298312661989e-10
0.06305329281908886,9.531282236052361e-11
0.06382764215987896,1.8169862640702864e-10
0.06461150118485483,8.479877115991025e-10
0.06540498668121902,1.7213777027180607e-09
0.06620821687042261,2.412674093921603e-09
0.06702131142577908,3.8674519096937735e-09
0.06784439149029443,6.301137246770189e-09
0.06867757969471616,1.0250223230849521e-08
0.0695210001758042,1.6551780250373613e-08
0.07037477859482606,2.6462276124587814e-08
0.07123904215627888,4.183274080858411e-08
0.07211391962684185,6.534901771902154e-08
0.07299954135456119,1.0084899015515613e-07
0.07389603928827056,1.5373160763399923e-07
0.07480354699725017,2.3148595688206479e-07
0.07572219969112733,3.4434923056924473e-07
0.07665213424002132,5.061191583392469e-07
0.07759348919493568,7.351340307488965e-07
0.07854640480840085,1.0554313406563534e-06
0.07951102305537054,1.4980999237756756e-06
0.08048748765437455,2.102528354260844e-06
0.08147594408893126,2.9187003157480826e-06
0.08247653962922338,4.009035903938482e-06
0.08348942335403975,5.449428521741603e-06
0.08451474617298657,7.351297116743859e-06
0.08555266084897128,9.81612036551175e-06
0.08660332202096295,1.294407180064884e-05
0.08766688622703189,1.690938072070181e-05
0.0887435119276721,2.18898015993909e-05
0.08983335952941043,2.8089228646766744e-05
0.09093659140870569,3.573908201715449e-05
0.09205337193614094,4.5099287925542766e-05
0.09318386750091306,5.645876491242305e-05
0.09432824653562316,7.010801534703231e-05
0.09548667954137147,8.640714626934466e-05
0.09665933911316012,0.0001057667959809561
0.09784639996560812,0.0001285569900452141
0.0990480389589822,0.00015519670418377823
0.10026443512554722,0.00018612312391937938
0.10149576969624002,0.00022178730324965343
0.10274222612767117,0.0002626491796339586
0.1040039901294583,0.00030908596757192066
0.10528124969189474,0.00036161364769553755
0.10657419511395835,0.00041995281660687145
0.10788301903166411,0.0004850156996648988
0.10920791644676503,0.0005582429053355275
0.11054908475580555,0.000639218359068489
0.11190672377953137,0.0007282849107272148
0.11328103579266106,0.0008257427013134633
0.11467222555402293,0.0009318426767059448
0.11608050033706185,0.0010467828222402034
0.11750606996072113,0.0011707026697917484
0.11894914682070348,0.001303677630977213
0.12040994592111577,0.00144571776862377
0.1218886849065024,0.0015967649116481652
0.12338558409427244,0.0017566914830660077
0.12490086650752458,0.0019252254629161943
0.12643475790827524,0.0021021594967002882
0.12798748683109507,0.0022872481179569966
0.12955928461715827,0.0024800168333954306
0.1311503854487101,0.0026800038644631545
0.13276102638395773,0.0028866893996846365
0.13439144739238934,0.0030994999514155634
0.13604189139052764,0.0033178138579918076
0.1377126042781217,0.0035409673691311695
0.13940383497478354,0.0037682602360909704
0.1411158354570748,0.003998962244605878
0.14284886079604886,0.004232320044498643
0.1446031691952535,0.0044675632145627624
0.14637902202920103,0.00470391124130199
0.14817668388231037,0.0049405801603781725
0.14999642258832757,0.005176788605126942
0.15183850927023013,0.005411763715819208
0.15370321838062184,0.005644746869766829
0.15559082774262356,0.005873281151781256
0.15750161859126605,0.006098221447756098
0.1594358756153908,0.006320749260315354
0.16139388700006652,0.006538496432119819
0.1633759444695254,0.006750846299344769
0.16538234333062724,0.006957221309516177
0.16741338251685703,0.007157085226622466
0.1694693646328635,0.007331398613313068
0.17155059599954398,0.0074975704856628834
0.17365738669968298,0.007674590581451369
0.17579005062415162,0.007843469965850407
0.17794890551867437,0.008003897733461154
0.18013427303116997,0.008155607774066837
0.1823464787596733,0.008298378535386843
0.184585852300847,0.00843203188212499
0.1868527272990877,0.008556432341187258
0.18914744149623555,0.00867148502825225
0.1914703367818946,0.008777133947094838
0.19382175924437112,0.008873360802795527
0.19620205922223716,0.008960182409264465
0.19861159135652723,0.00903764889091941
0.20105071464357682,0.009105841274506468
0.20351979248850902,0.00916486939750882
0.20601919275937808,0.00921486967676029
0.20854928784197832,0.009255763471858924
0.21111045469532602,0.00928797417286679
0.21370307490782245,0.009311947019324427
0.21632753475410654,0.009327658073841564
0.21898422525260616,0.009335342742887295
0.22167354222379607,0.00933524968152557
0.2243958863491712,0.009327638966312665
0.22715166323094388,0.009312780389284164
0.229941283452475,0.009290951314097344
0.23276516263944666,0.009262435139115219
0.23562372152178615,0.00922560794214161
0.23851738599635053,0.009182694002837596
0.24144658719038128,0.009135889328210956
0.24441176152573799,0.009083565394573284
0.24741335078392035,0.009026013670176218
0.25045180217188967,0.008958620142690884
0.2535275683886982,0.008886808437642238
0.25664110769293697,0.008815680078707755
0.259792883971011,0.008740447350290018
0.2629833668062549,0.008661384081557566
0.2662130315488952,0.008578758087164531
0.26948235938687315,0.008492830997665818
0.2727918374175369,0.008403857346777273
0.2761419587202143,0.00831208426922453
0.2795332224296768,0.008217735300217334
0.28296613381050506,0.008121059181407302
0.2864412043323692,0.008022295659886691
0.2899589517462322,0.007841242532569917
0.29351990016148943,0.007665380875487624
0.2971245801240562,0.007566994964776904
0.3007735286954135,0.00746720954825265
0.30446728953262553,0.0073662026006789194
0.3082064129693379,0.007264144480870779
0.3119914560977727,0.007161198076477152
0.31582298285173005,0.007057518655527819
0.3197015640906082,0.006953254102372846
0.32362777768445516,0.006848545017355722
0.32760220860006706,0.006743275588811755
0.33162544898814156,0.006637831187130209
0.3356980982715022,0.0065325726982818815
0.33982076323440685,0.0064273618662005465
0.3439940581129526,0.006322305015748285
0.3482186046865906,0.006217502174777058
0.3524950323707651,0.0061120375519057805
0.3568239783106899,0.00600705448729749
0.361206087476277,0.005903615425279265
0.36564201275823077,0.0058007706100856584
0.37013241506532135,0.005698591330271612
0.37467796342285464,0.005597143865250549
0.37927933507234973,0.005496489557483394
0.3839372155724411,0.005396685051379133
0.38865229890102015,0.005297782517257292
0.3934252875586315,0.005199829829882878
0.398256892673138,0.0051028707929521265
0.40314783410567173,0.004994297863899276
0.40809884055788614,0.004887611313683131
0.41311064968052613,0.004794920516526001
0.4181840081833297,0.004703322694270933
0.4233196719462804,0.004612844741275167
0.4285184061322267,0.004523510581292355
0.43378098530088294,0.004435341303170809
0.439108193524231,0.004348355278011262
0.4445008245033394,0.004262494928655028
0.44995968168661726,0.004177850603269024
0.45548557838952,0.0040945044109414516
0.4610793379157241,0.004012391017746578
0.4667417936797929,0.003931517514156573
0.4724737893313463,0.0038518890828369494
0.4782761788807558,0.0037735091581002985
0.48414982682638363,0.003696379536267829
0.49009560828338544,0.003620370582458672
0.4961144091140928,0.0035456369911285295
0.5022071260599978,0.003472318198150656
0.5083746668753588,0.003400262873428276
0.5146179504624475,0.00332939682672079
0.5209379070084554,0.0032584969886872935
0.5273354781240822,0.003187705003706448
0.5338116169838276,0.003121571261297295
0.5403672884680041,0.0030462746148537875
0.5470034693064942,0.002938456412164062
0.5537211482242737,0.0028513340795901735
0.5605213260887227,0.0027990415782805787
0.5674050160587444,0.0027438968219003737
0.5743732437357147,0.0026884954609849715
0.5814270473162879,0.0026332794285195537
0.5885674777470772,0.0025782402490111345
0.5957955988812358,0.002523733270651415
0.6031124876369591,0.002470292139466587
0.6105192341579363,0.002417847330785985
0.6180169419757706,0.0023663872739810073
0.6256067281743938,0.0023159001513450364
0.6332897235565005,0.0022663739214202187
0.6410670728120281,0.0022177963282989347
0.6489399346887033,0.002170154939412527
0.6569094821646826,0.002123437169939766
0.664976902623317,0.0020776302978752796
0.6731433980300585,0.002032721494265815
0.6814101851115412,0.0019886978455402604
0.6897784955368618,0.0019455463533294064
0.6982495761010863,0.0019032279434015701
0.7068246889110101,0.0018556350258481155
0.7155051115731985,0.001810608082114967
0.7242921373843375,0.0017734803800758074
0.7331870755239236,0.0017361334214657325
0.7421912512493173,0.001698579901947909
0.7513060060931925,0.001661561954809174
0.7605326980634137,0.0016252251588041488
0.7698727018453644,0.0015896254571881564
0.7793274090067608,0.0015547509361919889
0.7888982282049825,0.0015205897093650926
0.7985865853969489,0.0014870974299317455
0.8083939240515726,0.0014542690388991706
0.81832170536482,0.0014221278133061677
0.8283714084774166,0.0013906590092101169
0.8385445306952248,0.001359850479088715
0.8488425877123269,0.0013296902036378166
0.8592671138368466,0.0012999249667416096
0.8698196622195494,0.001269183106034922
0.880501805085244,0.0012393445848784333
0.8913151339670284,0.0012117573457895543
0.9022612599434128,0.0011848207022230708
0.9133418138783549,0.0011584566411953646
0.9245584466642423,0.0011326543255872862
0.9359128294678576,0.001107402508425481
0.9474066539793669,0.0010826913665648778
0.9590416326643652,0.0010585112879910627
0.9708194990190164,0.0010348518425220346
0.9827420078283255,0.0010117036622342749
0.9948109354275867,0.000989058035009037
1.007028079967038,0.001334976808376778
1.019395261679767,0.0013135079490963959
1.0319143231529102,0.0014399180439565432
1.0445871296021778,0.0014432962571233436
1.0574155691497535,0.0013359328015315353
1.0704015531056048,0.0012929295239776286
1.083547016252251,0.0012416912119472276
1.0968539171330247,0.0012233882338865438
1.1103242383438763,0.0012067605883964569
1.1239599868287602,0.0011894373677203815
1.137763194178651,0.0012101990302762905
1.1517359169342305,0.0011992041193443187
1.1658802368922885,0.0011843637592993041
1.180198261415893,0.0011706766615525684
1.1946921237483663,0.0011613291068955527
1.2093639833311163,0.0011560024283187816
1.22421602612537,0.0014677387521475572
1.2392504649378635,0.004518265725237502
1.2544695397505268,0.0027570632966475586
1.2698755180542167,0.0012102657080754692
1.2854706951865529,0.0012343619434642449
1.3012573946739003,0.001299384129625006
1.3172379685775513,0.001240807089133935
1.3334147978441575,0.0011687759474565268
1.349790292660469,0.0011929609295889972
1.366366892812429,0.001241314679296683
1.3831470680486766,0.0012793954191009467
1.4001333184485127,0.0013623439169139202
1.417328174794391,0.0014285114315554703
1.434734198948978,0.0014910171156886482
1.4523539842368418,0.0015779198311696753
1.4701901558308363,0.0018561983003565715
1.4882453711432242,0.0022129228235780577
1.5065223202216043,0.0020518314111380494
1.5250237261497017,0.002240989242100882
1.5437523454530817,0.0024556869484248377
1.5627109685098444,0.0027128942151818593
1.581902419966361,0.0029727647296323265
1.60132955915812,0.0032893485740336393
1.6209952805357413,0.003644805153041292
1.6409025140962181,0.00405373606793493
1.661054225819457,0.00452004875211903
1.6814534181101801,0.005003540873610544
1.7021031302452563,0.005508877395979877
1.7230064388265203,0.010214626083660928
1.7441664582391536,0.01048727877937184
1.7655863411157031,0.007497480319312396
1.787269278805788,0.00820153268660449
1.8092185018515776,0.008954018225335708
1.8314372804691135,0.009927959758436992
1.853928925035538,0.009742560272831368
1.8766967865823085,0.009346688933911693
1.8997442572944643,0.01016653215077929
1.923074771016031,0.01103602163843361
1.9466918037616305,0.011942468701955906
1.9705988742343716,0.012894642264058944
1.9947995443500979,0.013882429977188313
2.019297419768084,0.014971860316173497
2.044096150428241,0.016040124722616213
2.0691994310949173,0.017114325136290496
2.094611001907386,0.018221863808367794
2.120334648937087,0.01937937392941731
2.1463742047517167,0.020542563808382847
2.1727335489862374,0.021751153392796013
2.199416608920907,0.022927188914487032
2.2264273600664053,0.024156125161374983
2.2537698267561472,0.02534352100919042
2.2814480827458623,0.026595159807591754
2.3094662518205507,0.03069297729336019
2.337828508408883,0.031456474622267534
2.366539078205147,0.03014315278695303
2.395602238798837,0.031308790962832525
2.4250223203119714,0.03251374425074442
2.4548037060442387,0.033659686830543545
2.4849508331260606,0.032914948178852016
2.5154681931796876,0.0320236672551718
2.546360332988404,0.03299924071432805
2.5776318551739466,0.03406785339568546
2.609287418882258,0.03508253549119193
2.64133174047765,0.03591683027037636
2.6737695942454973,0.03682659797140975
2.706605813103553,0.037683137733731144
2.739845289322007,0.03851645194612205
2.7734929752523922,0.03931698417666397
2.8075538840654293,0.04006057351626369
2.8420330904979365,0.04076434274952929
2.876935731608924,0.041441783296180014
2.91226700754496,0.042100618058863774
2.948032182314937,0.04359687516901978
2.9842365845743615,0.04374260981487169
3.0208856084192703,0.04363910189797767
3.057984714189897,0.044091676790771556
3.0955394292842096,0.04451374930557307
3.1335553489814334,0.04487586035649094
3.1720381372756923,0.04531472716356879
3.2109935277198995,0.045043539310939566
3.2504273242799817,0.04487993652373345
3.2903454021996232,0.04514891898213609
3.3307537088756183,0.04527208463749045
3.371658264743968,0.04537651538810823
3.4130651641768814,0.04545772542971693
3.454980576390753,0.04550971382936904
3.4974107463653286,0.04551377601634897
3.540361995774152,0.045516059466556964
3.5838407239264125,0.04544452105649612
3.627853408720391,0.045336310467421405
3.672406607608607,0.045493743028995635
3.717506958574799,0.04584962480831374
3.7631611811229284,0.04487093356212849
3.8093760772783165,0.04465673596098528
3.856158532601075,0.04441617438016796
3.9035155172120017,0.0441535742603725
3.951454086831033,0.04391606448756681
3.9999813838284934,0.04359166225726653
4.0491046382892435,0.04301068538550531
4.098831169089872,0.04245740995013042
4.149168384989144,0.04210404319291208
4.200123785731845,0.04174194544025096
4.251704963166144,0.041357505417762855
4.303919602374727,0.04095837129594796
4.356775482819777,0.04054556459584699
4.410280479502051,0.040074015621392886
4.464442564134179,0.03961645399853257
4.519269806328357,0.03917800652132713
4.574770374798642,0.03873284795979074
4.6309525385780255,0.0382169906829269
4.687824668250412,0.03774415168254575
4.745395237197767,0.03723607623086469
4.803672822862573,0.03674062593843698
4.862666108025769,0.0362565192765071
4.922383882100405,0.03575936445958423
4.982835042441176,0.035207966527176796
5.044028595670037,0.034703496331118855
5.105973659018118,0.03420023413184855
5.168679461684071,0.03362859149874289
5.2321553462091455,0.03311920001152733
5.296410769869144,0.032597965561044426
5.361455306083441,0.03210292984199621
5.427298645841331,0.031702725917522226
5.493950599145917,0.031030541124046875
5.561421096475664,0.030495798049678682
5.629720190263964,0.02998191286975847
5.698858056396848,0.029474724148708727
5.768844995729079,0.028978978044360733
5.839691435618905,0.02848592374014657
5.911407931481595,0.02803026588679231
5.98400516836211,0.02743008597461511
6.057493962527084,0.026910445957599453
6.131885263076306,0.026428406736828985
6.207190153574045,0.025962889531961363
6.2834198537004085,0.02572677009134064
6.360585720922927,0.030975554287620572
6.438699252188723,0.032476114783597416
6.517772085637458,0.024044774881799593
6.597816002335264,0.02355637677603461
6.678842928030033,0.023097848448283116
6.760864934928221,0.022638565514780325
6.843894243493487,0.022214589695010195
6.927943224267446,0.021806788924658097
7.013024399712716,0.022823774986065633
7.0991504460786565,0.020146861230942312
7.186334195290032,0.018727982729223068
7.274588636858793,0.01838015280380515
7.363926919819411,0.01804709643412639
7.454362354687968,0.018121723555073382
7.545908415445252,0.01739314330676854
7.638578741544283,0.017077113539958895
7.73238713994243,0.016757632777716355
7.827347587158523,0.016450918551818034
7.92347423135523,0.016147934123044345
8.020781394446955,0.015847996316644606
8.119283574233682,0.015541171471121318
8.21899544656103,0.01524969900927032
8.319931867506753,0.014958329086126362
8.422107875594177,0.014616478270421897
8.525538694032818,0.014330477865161059
8.630239732986428,0.014039912447588345
8.736226591869007,0.01376815348314667
8.843515061668935,0.013506353620334201
8.952121127301673,0.013225289154712248
9.062060969991391,0.012969242434162526
9.173350969681753,0.012692559114199727
9.286007707476394,0.012444582690179198
9.40004796810937,0.012187480568633693
9.515488742445857,0.011942328538660132
9.632347230013654,0.01169415189246918
9.75064084156576,0.011461998357774832
9.870387201674358,0.011213874217161445
9.991604151356736,0.010982899935472322
10.114309750733405,0.010749195777657225
10.238522281718872,0.010518626096521492
10.364260250745506,0.010302432690859852
10.491542391520749,0.010082164843488214
10.620387667818287,0.0098765962077834
10.750815276303483,0.009651167064406906
10.88284464939344,0.00945195622839989
11.016495458152267,0.009247183955689653
11.151787615221895,0.009051744707681733
11.288741277788812,0.008858097342819745
11.427376850587311,0.008666044436712893
11.567714988939596,0.008484505196751469
11.709776601833203,0.00830207516668125
11.85358285503627,0.008128484734379549
11.99915517425097,0.007936185323998722
12.146515248305754,0.00776694613412782
12.2956850323868,0.007591111816085144
12.44668675130907,0.007423899161430849
12.599542902827594,0.00726253019541595
12.754276260989462,0.007101624320728976
12.910909879526862,0.006948674034213923
13.069467095291895,0.006785396698675737
13.229971531733531,0.006640465464945988
13.39244710241725,0.006487209865722528
13.556918014587975,0.006346157740712396
13.723408772776635,0.0062017510539515664
13.891944182451144,0.006062598659714786
14.0625493537122,0.005926722645164106
14.235249705034356,0.005787812376242703
14.410070967053175,0.005662195490065944
14.587039186398862,0.005533124933421991
14.766180729576888,0.005413129525031055
14.947522286896366,0.005287198266510928
15.13109087644669,0.0051700596369527235
15.316913848122875,0.005050630562060346
15.505018887700476,0.004934443265462602
15.695434020960485,0.004823458775393084
15.888187617864865,0.004709201014309959
16.083308396783465,0.004606005014671582
16.280825428772683,0.004492593375421823
16.480768141906793,0.00439385919229656
16.683166325662498,0.004292992362751451
16.88805013535717,0.004197013900363018
17.095450096641727,0.004100202024043015
17.30539711004873,0.004004994508781777
17.517922455596114,0.0039145870700726115
17.733057797447707,0.0038207605269652348
17.950835188630826,0.003736200542548614
18.171287075811872,0.003641947174212758
18.394446304130604,0.003560463481504563
18.620346122093647,0.0034796048746961027
18.849020186528243,0.003401474073856343
19.08050256759683,0.0033230691336655063
19.31482775387306,0.0032453212566818965
19.552030657480294,0.0031716768280169953
19.792146619293227,0.003093653455970289
20.03521141420321,0.00302459499154233
20.28126125644844,0.002954181516202731
20.530332805009472,0.002887845419831722
20.78246316907107,0.0028162493687058808
21.037689913551148,0.0027490596849577623
21.29605106469746,0.0026847024325997483
21.55758511575319,0.002619778923671061
21.822331032692148,0.002560429295033456
22.09032826002415,0.0024987687375837894
22.361616726671954,0.002442532377583947
22.636236851920312,0.0023854187321509113
22.91422955143793,0.0023312973332641493
23.19563624337357,0.002274299152816164
23.480498854526942,0.0022196975835940356
23.768859826595317,0.0021685803285650916
24.060762122497056,0.0021174149789385636
24.35624923277249,0.0020693901901108814
24.655365182063655,0.0020193208444395858
24.9581545356736,0.0019736289338524787
25.26466240620603,0.0019226737998679136
25.574934460286705,0.0018773244529048925
25.889016925367383,0.0018336053672397662
26.206956596613118,0.0017909583042945462
26.528800843874365,0.0017488778343648427
26.854597618744577,0.001705099473906902
27.18439546170452,0.0016662712029878793
27.51824350935439,0.0016252916888301596
27.856191501734564,0.0015882126221583887
28.198289789736414,0.0015489639116016269
28.544589342604183,0.0015124745213807734
28.895141755528734,0.001477218227827086
29.24999925733481,0.0014426611203735699
29.60921471826267,0.0014091845784082074
29.972841657845095,0.001374968585122387
30.34093425288134,0.001343515632767775
30.71354734550895,0.0013078584852384651
31.09073645137463,0.001277525723628306
31.47255776790566,0.0012461018350811922
31.859068182682577,0.0012164582523095668
32.25032528191494,0.0011872003593085508
32.646387359021205,0.0011580418779780085
33.04731342331365,0.0011311424790061441
33.45316320879033,0.001103792703242341
33.86399718303487,0.0010783485491131593
34.27987655622539,0.0010502854381007109
34.70086329025431,0.0010255937312890918
35.127020107960135,0.0010006947135092494
35.55841050247233,0.0009768165133200717
35.99509874667133,0.0009535805356433581
36.43714990276452,0.0009303689565170389
36.88462983197976,0.000908658044287244
37.33760520437829,0.0008861042512630443
37.79614350878765,0.0008655460689899393
38.26031306285694,0.0008435046467484514
38.730183023235554,0.0008234958584537019
39.2058233958767,0.0008024064224807697
39.68730504646763,0.0007822218579166345
40.174699710988065,0.0007631363978602521
40.66808000639789,0.0007433902620168891
41.16751944145654,0.000725983826081356
41.67309242767504,0.0007088908649611364
42.18487429040249,0.0006922995736306204
42.70294128004903,0.0006753136446333827
43.227370583446074,0.0006592679307257834
43.75824033534657,0.000642353110230178
44.29562963006637,0.0006258685934453811
44.83961853326827,0.0006107867952291055
45.39028809389116,0.0005953156660453043
45.94772035622556,0.0005812835174105512
46.5119983721372,0.0005671671735693523
47.083206213441116,0.0005537851670886846
47.6614289844274,0.0005398678699928172
48.24675283454091,0.0005267860841246289
48.83926497121682,0.0005138595298467781
49.43905367287343,0.000501136898638413
50.04620830206487,0.0004890053605234744
50.66081931879541,0.00047628348865233895
51.28297829399678,0.0004649821964836941
51.9127779231715,0.0004531890088701568
52.55031204020371,0.00044236106219012366
53.19567563133923,0.00043086690356528397
53.84896484933771,0.00042011169091353285
54.51027702779845,0.00040977942300704674
55.17971069566203,0.0003995313751654383
55.85736559189037,0.00038978797969817415
56.54334268032656,0.00037920828319775975
57.23774416473756,0.000370117565496115
57.940673504041776,0.00036058133289681906
58.652235427723056,0.00035182519077847093
59.3725359514345,0.00034306784412906495
60.10168239279389,0.0003346240080633871
60.83978338737268,0.000326049747472704
61.58694890488174,0.0003172057409596541
62.343290265555794,0.0003094797404224454
63.10892015673891,0.00030134638796248454
63.88395264967403,0.00029404354027467603
64.66850321649812,0.00028624500995062406
65.46268874744655,0.0002791416572098991
66.26662756826873,0.00027196394520320386
67.08043945785712,0.00026502851751410736
67.90424566609329,0.0002585215188512575
68.73816893191312,0.0002521071051806713
69.58233350159333,0.00024592547709280583
70.43686514726315,0.0002388815659485971
71.30189118564306,0.000233023577135661
72.17754049701372,0.00022683253983484547
73.06394354441798,0.00022110903337311714
73.96123239309834,0.00021543880070898312
74.86954073017344,0.00020990182194976421
75.78900388455634,0.0002045923086780892
76.71975884711682,0.0001991189763439347
77.66194429109177,0.00019418957872162284
78.61570059274648,0.00018940773635748714
79.58116985228872,0.00018471721753104462
80.5584959150406,0.00017972630411898838
81.54782439287023,0.00017509220587163586
82.54930268588603,0.00017060816400870092
83.5630800043982,0.0001661996890524732
84.58930739114949,0.00016197482618746954
85.62813774381894,0.00015756675897947724
86.67972583780247,0.0001536246714145557
87.74422834927242,0.00014939609092950946
88.82180387852094,0.0001456115162193969
89.91261297359009,0.00014155205897704203
91.0168181541915,0.0001377729429333282
92.13458393592035,0.000134183250153396
93.2660768547668,0.00013061793155691936
94.41146549192779,0.00012730603033061895
95.57092049892418,0.00012405585024356084
96.74461462302617,0.0001209097304773121
97.9327227329907,0.00011746618920515201
99.13542184511564,0.00011441504727991259
100.35289114961284,0.00011115396432191102
101.58531203730601,0.0001080810039055309
102.83286812665636,0.00010525762284270872
104.09574529111947,0.00010245476217557206
105.37413168683877,9.978324882163372e-05
106.66821778067924,9.67557549839651e-05
107.97819637860457,9.425029934461108e-05
109.30426265440364,9.157169023028819e-05
110.64661417876943,8.913475696714893e-05
112.00545094873496,8.676696240549749e-05
113.38097541747128,8.446551683802026e-05
114.77339252445032,8.217193508902555e-05
116.18290972597926,7.979632196944058e-05
117.60973702610961,7.769539856481183e-05
119.05408700792523,7.528048570425962e-05
120.51617486521536,7.329087717260363e-05
121.99621843453666,7.130647356272129e-05
123.49443822766807,6.940208088302553e-05
125.01105746446532,6.751072346218877e-05
126.54630210611833,6.566445725661076e-05
128.10040088881703,6.386076836705507e-05
129.67358535783137,6.196727981609576e-05
131.26608990200845,6.0307670710291326e-05
132.8781517886945,5.835393930126741e-05
134.51001119908574,5.676513802882123e-05
136.16191126401225,5.5250723657138805e-05
137.8340981001624,5.376450610178809e-05
139.52682084675223,5.221579546953857e-05
141.24033170264386,5.067735990196495e-05
142.97488596392122,4.927364088255851e-05
144.73074206192638,4.782059404238792e-05
146.50816160176333,4.651009083334604e-05
148.30740940127475,4.5158265131175305e-05
150.12875353049682,4.3907626487086334e-05
151.97246535159903,4.257147010328873e-05
153.83881955931508,4.1323443467096484e-05
155.7280942218688,4.014087918661192e-05
157.6405708224039,3.896656882030246e-05
159.57653430092267,3.786500170973279e-05
161.53627309673826,3.67004126754688e-05
163.52007919144995,3.566953625912529e-05
165.52824815244534,3.462377693764894e-05
167.56107917693666,3.3639688959939345e-05
169.61887513653892,3.262281314928965e-05
171.70194262239391,3.1651398421179416e-05
173.81059199084962,3.073527940620867e-05
175.94513740970055,2.9826588888352713e-05
178.105896904995,2.8969047869423726e-05
180.29319240841795,2.806540368682473e-05
182.50734980525638,2.725804272218436e-05
184.74869898295174,2.6377440232463475e-05
187.01757388025067,2.5589168667551834e-05
189.31431253695877,2.4821112764867825e-05
191.63925714430442,2.4076532508782842e-05
193.99275409592235,2.3348021104895176e-05
196.3751540394628,2.2596125019250718e-05
198.78681192883425,2.1930513994797525e-05
